<?xml version="1.0" encoding="UTF-8"?>
<beans xmlns="http://www.springframework.org/schema/beans"
	xmlns:xsi="http://www.w3.org/2001/XMLSchema-instance"
	xsi:schemaLocation="http://www.springframework.org/schema/beans
	http://www.springframework.org/schema/beans/spring-beans-4.3.xsd">
	
<bean id="my" class="com.cdac.comp.MyBean">
	<constructor-arg value="1111"/>
	<constructor-arg value="Spring Framework !!"/>
</bean>
<bean id="my1" class="com.cdac.comp.MyBean">
	<constructor-arg value="2222"/>
	<constructor-arg value="Java Framework !!"/>
</bean>
 
	
	
</beans>
	
	